INSERT INTO CUSTOMER (CUS_ID, FIRST_NAME, SECOND_NAME, USERNAME, PASSWORD) VALUES ('1','Andrew','Macgill', 'user', 'pass')
INSERT INTO CUSTOMER (CUS_ID, FIRST_NAME, SECOND_NAME, USERNAME, PASSWORD) VALUES ('2','Anthony','Leung', 'hungryForApples', 'yes')
INSERT INTO CUSTOMER (CUS_ID, FIRST_NAME, SECOND_NAME, USERNAME, PASSWORD) VALUES ('3','Little','Annie', 'areYouOkay', 'iHateYou')
INSERT INTO CUSTOMER (CUS_ID, FIRST_NAME, SECOND_NAME, USERNAME, PASSWORD) VALUES ('4','Shaun','Biggs', 'sb123', 'pass1')

INSERT INTO ACCOUNT (ACC_ID,ACCOUNT_NUMBER,CUS_ID) VALUES ('1','98749587','1')
INSERT INTO ACCOUNT (ACC_ID,ACCOUNT_NUMBER,CUS_ID) VALUES ('2','98749588','1')
INSERT INTO ACCOUNT (ACC_ID,ACCOUNT_NUMBER,CUS_ID) VALUES ('3','12345678','2')
INSERT INTO ACCOUNT (ACC_ID,ACCOUNT_NUMBER,CUS_ID) VALUES ('4','87654321','2')
INSERT INTO ACCOUNT (ACC_ID,ACCOUNT_NUMBER,CUS_ID) VALUES ('5','11111111','3')
INSERT INTO ACCOUNT (ACC_ID,ACCOUNT_NUMBER,CUS_ID) VALUES ('6','22222222','3')
INSERT INTO ACCOUNT (ACC_ID,ACCOUNT_NUMBER,CUS_ID) VALUES ('7','22342222','3')

INSERT INTO TRANSACTION (TRANS_ID,ACC_ID,TYPE,AMOUNT,DATEOFTRANSACTION) VALUES ('1','1','WITHDRAWAL','23.23','2018-04-10')
INSERT INTO TRANSACTION (TRANS_ID,ACC_ID,TYPE,AMOUNT,DATEOFTRANSACTION) VALUES ('2','1','DEPOSIT','10.00','2018-04-11')
INSERT INTO TRANSACTION (TRANS_ID,ACC_ID,TYPE,AMOUNT,DATEOFTRANSACTION) VALUES ('3','2','WITHDRAWAL','50.00','2018-04-11')
INSERT INTO TRANSACTION (TRANS_ID,ACC_ID,TYPE,AMOUNT,DATEOFTRANSACTION) VALUES ('4','1','WITHDRAWAL','23.23','2018-04-15')
INSERT INTO TRANSACTION (TRANS_ID,ACC_ID,TYPE,AMOUNT,DATEOFTRANSACTION) VALUES ('5','1','DEPOSIT','10.00','2018-04-20')
INSERT INTO TRANSACTION (TRANS_ID,ACC_ID,TYPE,AMOUNT,DATEOFTRANSACTION) VALUES ('6','2','WITHDRAWAL','50.00','2018-04-20')
INSERT INTO TRANSACTION (TRANS_ID,ACC_ID,TYPE,AMOUNT,DATEOFTRANSACTION) VALUES ('7','1','WITHDRAWAL','23.23','2018-04-20')
INSERT INTO TRANSACTION (TRANS_ID,ACC_ID,TYPE,AMOUNT,DATEOFTRANSACTION) VALUES ('8','1','DEPOSIT','10.00','2018-04-22')
INSERT INTO TRANSACTION (TRANS_ID,ACC_ID,TYPE,AMOUNT,DATEOFTRANSACTION) VALUES ('9','2','WITHDRAWAL','50.00','2018-04-23')
INSERT INTO TRANSACTION (TRANS_ID,ACC_ID,TYPE,AMOUNT,DATEOFTRANSACTION) VALUES ('10','1','WITHDRAWAL','23.23','2018-04-25')
INSERT INTO TRANSACTION (TRANS_ID,ACC_ID,TYPE,AMOUNT,DATEOFTRANSACTION) VALUES ('11','1','DEPOSIT','10.00','2018-04-25')
INSERT INTO TRANSACTION (TRANS_ID,ACC_ID,TYPE,AMOUNT,DATEOFTRANSACTION) VALUES ('12','2','WITHDRAWAL','50.00','2018-04-26')
INSERT INTO TRANSACTION (TRANS_ID,ACC_ID,TYPE,AMOUNT,DATEOFTRANSACTION) VALUES ('13','1','WITHDRAWAL','23.23','2018-04-26')
INSERT INTO TRANSACTION (TRANS_ID,ACC_ID,TYPE,AMOUNT,DATEOFTRANSACTION) VALUES ('14','1','DEPOSIT','10.00','2018-04-28')
INSERT INTO TRANSACTION (TRANS_ID,ACC_ID,TYPE,AMOUNT,DATEOFTRANSACTION) VALUES ('15','2','WITHDRAWAL','50.00','2018-04-28')
INSERT INTO TRANSACTION (TRANS_ID,ACC_ID,TYPE,AMOUNT,DATEOFTRANSACTION) VALUES ('16','1','WITHDRAWAL','23.23','2018-04-29')
INSERT INTO TRANSACTION (TRANS_ID,ACC_ID,TYPE,AMOUNT,DATEOFTRANSACTION) VALUES ('17','1','DEPOSIT','10.00','2018-04-30')
INSERT INTO TRANSACTION (TRANS_ID,ACC_ID,TYPE,AMOUNT,DATEOFTRANSACTION) VALUES ('18','2','WITHDRAWAL','50.00','2018-04-30')
INSERT INTO TRANSACTION (TRANS_ID,ACC_ID,TYPE,AMOUNT,DATEOFTRANSACTION) VALUES ('19','1','WITHDRAWAL','23.23','2018-05-01')
INSERT INTO TRANSACTION (TRANS_ID,ACC_ID,TYPE,AMOUNT,DATEOFTRANSACTION) VALUES ('20','1','DEPOSIT','10.00','2018-05-05')
INSERT INTO TRANSACTION (TRANS_ID,ACC_ID,TYPE,AMOUNT,DATEOFTRANSACTION) VALUES ('21','2','WITHDRAWAL','50.00','2018-05-07')
INSERT INTO TRANSACTION (TRANS_ID,ACC_ID,TYPE,AMOUNT,DATEOFTRANSACTION) VALUES ('22','1','WITHDRAWAL','23.23','2018-05-09')
INSERT INTO TRANSACTION (TRANS_ID,ACC_ID,TYPE,AMOUNT,DATEOFTRANSACTION) VALUES ('23','1','DEPOSIT','10.00','2018-05-12')
INSERT INTO TRANSACTION (TRANS_ID,ACC_ID,TYPE,AMOUNT,DATEOFTRANSACTION) VALUES ('24','2','WITHDRAWAL','50.00','2018-05-18')
